Cluster,CustomerID,Gender,Age,Annual Income (k$),Spending Score (1-100)
0,68.77586206896552,0.5689655172413793,55.275862068965516,47.62068965517241,41.706896551724135
1,161.025,0.55,32.875,86.1,81.525
2,23.46153846153846,0.5769230769230769,25.76923076923077,26.115384615384617,74.84615384615384
3,86.37777777777778,0.6,26.733333333333334,54.31111111111111,40.91111111111111
4,166.8709677419355,0.4838709677419355,44.38709677419355,89.7741935483871,18.483870967741936
